output_frame,fps,drawing,mouth,data_type
0,24,DRAW-A,closed,fictional
1,24,DRAW-A,closed,fictional
2,24,DRAW-A,closed,fictional
3,24,DRAW-A,closed,fictional
4,24,DRAW-A,closed,fictional
5,24,DRAW-A,closed,fictional
6,24,DRAW-A,closed,fictional
7,24,DRAW-A,closed,fictional
8,24,DRAW-A,closed,fictional
9,24,DRAW-A,closed,fictional
10,24,DRAW-A,closed,fictional
11,24,DRAW-A,closed,fictional
12,24,DRAW-A,closed,fictional
13,24,DRAW-A,closed,fictional
14,24,DRAW-A,closed,fictional
15,24,DRAW-A,closed,fictional
16,24,DRAW-A,closed,fictional
17,24,DRAW-A,closed,fictional
18,24,DRAW-A,closed,fictional
19,24,DRAW-A,closed,fictional
20,24,DRAW-A,closed,fictional
21,24,DRAW-A,closed,fictional
22,24,DRAW-A,closed,fictional
23,24,DRAW-A,closed,fictional
24,24,DRAW-B,closed,fictional
25,24,DRAW-B,closed,fictional
26,24,DRAW-B,closed,fictional
27,24,DRAW-B,closed,fictional
28,24,DRAW-B,closed,fictional
29,24,DRAW-B,closed,fictional
30,24,DRAW-B,closed,fictional
31,24,DRAW-B,closed,fictional
32,24,DRAW-B,closed,fictional
33,24,DRAW-B,closed,fictional
34,24,DRAW-B,closed,fictional
35,24,DRAW-B,closed,fictional
36,24,DRAW-B,closed,fictional
37,24,DRAW-B,closed,fictional
38,24,DRAW-B,closed,fictional
39,24,DRAW-B,closed,fictional
40,24,DRAW-B,closed,fictional
41,24,DRAW-B,closed,fictional
42,24,DRAW-B,closed,fictional
43,24,DRAW-B,closed,fictional
44,24,DRAW-B,closed,fictional
45,24,DRAW-B,closed,fictional
46,24,DRAW-B,closed,fictional
47,24,DRAW-B,closed,fictional
